;def;genes;proportion;significant_area;#_cases;#_controls;pvalue_proportion;pvalue_significant_area;fdr_sig_area;fdr_proportion
49;SNV;BRAF;0.4552;0.4418;66;405;2,18E+07;0.000158215016339941;0.0350729901210848;0.00495939584331995
3;SNV;TP53;0.429;0.4348;276;195;8,89E+08;0.000199047469101556;0.0350729901210848;0.00495939584331995
77;SNV;KMT2B;0.4264;0.4314;59;412;1,02E+09;0.00022226037612646;0.0350729901210848;0.00495939584331995
144;SNV;KIAA1456;0.424;0.4263;50;421;1,16E+09;0.000261870415189249;0.0350729901210848;0.00495939584331995
1;SNV;APC;0.4165;0.4228;358;113;1,72E+09;0.000292772915564783;0.0350729901210848;0.00495939584331995
137;SNV;TET2;0.4084;0.4156;51;420;2,62E+09;0.000367359165025665;0.0350729901210848;0.00495939584331995
45;SNV;KMT2D;0.4258;0.4115;68;403;1,05E+09;0.000417411421991525;0.0350729901210848;0.00495939584331995
241;SNV;DNAH6;0.404;0.4093;44;427;3,28E+09;0.000446825722824029;0.0350729901210848;0.00495939584331995
352;SNV;RIF1;0.3922;0.4076;40;431;6,00E+09;0.000470868119908746;0.0350729901210848;0.00495939584331995
60;SNV;ZFHX3;0.4036;0.4054;63;408;3,35E+09;0.000503775698544118;0.0350729901210848;0.00495939584331995
400;SNV;CHD9;0.4016;0.4033;38;433;3,71E+09;0.000537178257803601;0.0350729901210848;0.00495939584331995
1474;SNV;MROH1;0.3952;0.4032;25;446;5,15E+09;0.000538819263089034;0.0350729901210848;0.00495939584331995
81;SNV;DNAH3;0.4029;0.4009;58;413;3,47E+09;0.000577878047462728;0.0350729901210848;0.00495939584331995
357;SNV;WDR33;0.3969;0.4005;40;431;4,72E+09;0.000584934672302705;0.0350729901210848;0.00495939584331995
53;SNV;MUC5B;0.3979;0.398;65;406;4,49E+09;0.000630891514339495;0.0350729901210848;0.00495939584331995
562;SNV;GCN1L1;0.4028;0.3976;34;437;3,49E+09;0.000638549697262861;0.0350729901210848;0.00495939584331995
61;SNV;ANK3;0.4041;0.3975;62;409;3,27E+09;0.000640477737913192;0.0350729901210848;0.00495939584331995
479;SNV;ITPR3;0.3858;0.3971;36;435;8,29E+09;0.000648244302033912;0.0350729901210848;0.00495939584331995
486;SNV;MYO18A;0.3962;0.3967;36;435;4,89E+08;0.000656098588729617;0.0350729901210848;0.00495939584331995
97;SNV;LRP1;0.405;0.3961;55;416;3,12E+09;0.000668046499986392;0.0350729901210848;0.00495939584331995
71;SNV;DNAH2;0.3978;0.3953;60;411;4,51E+09;0.000684292679249459;0.0350729901210848;0.00495939584331995
33;SNV;MACF1;0.3962;0.393;74;397;4,89E+08;0.000733075006324437;0.0350729901210848;0.00495939584331995
507;SNV;CELSR3;0.3893;0.393;35;436;6,95E+09;0.000733075006324437;0.0350729901210848;0.00495939584331995
340;SNV;ITPR2;0.3954;0.3928;40;431;5,10E+09;0.000737466603297788;0.0350729901210848;0.00495939584331995
371;SNV;FLRT1;0.3686;0.3928;39;432;0.000194632938667167;0.000737466603297788;0.0350729901210848;0.00637222908787026
770;SNV;NWD2;0.3876;0.3915;31;440;7,57E+09;0.00076661489698072;0.0350729901210848;0.00495939584331995
92;SNV;TRRAP;0.391;0.3903;56;415;6,37E+09;0.00079447024466472;0.0350729901210848;0.00495939584331995
158;SNV;SETD1B;0.401;0.3899;49;422;3,83E+09;0.000803962919002961;0.0350729901210848;0.00495939584331995
228;SNV;LAMA5;0.3786;0.3894;45;426;0.000118765774505143;0.000815977326890519;0.0350729901210848;0.00506875359048737
176;SNV;PLEC;0.3796;0.3888;48;423;0.000112996772613929;0.000830615305347003;0.0350729901210848;0.00495939584331995
100;SNV;ASH1L;0.3807;0.3884;54;417;0.000106965238902681;0.00084050942039542;0.0350729901210848;0.00495939584331995
506;SNV;CELSR2;0.388;0.3878;35;436;7,42E+09;0.000855556559406311;0.0350729901210848;0.00495939584331995
325;SNV;NCOR2;0.3878;0.387;41;430;7,49E+09;0.000876009785040808;0.0350729901210848;0.00495939584331995
363;SNV;C5orf42;0.3867;0.3867;39;432;7,92E+09;0.000883796428039535;0.0350729901210848;0.00495939584331995
38;SNV;DCHS2;0.387;0.3866;71;400;7,80E+09;0.000886406262876489;0.0350729901210848;0.00495939584331995
680;SNV;MAP4K4;0.3862;0.3863;32;439;8,12E+09;0.000894278882598714;0.0350729901210848;0.00495939584331995
327;SNV;SPEN;0.3898;0.3852;41;430;6,77E+09;0.000923705515946732;0.0350729901210848;0.00495939584331995
143;SNV;IGF2R;0.3864;0.3849;50;421;8,04E+09;0.000931885988547793;0.0350729901210848;0.00495939584331995
30;SNV;ADGRV1;0.385;0.3848;76;395;8,63E+09;0.000934627764141831;0.0350729901210848;0.00495939584331995
313;SNV;DIDO1;0.381;0.3844;41;430;0.000105375327392618;0.000945670127326122;0.0350729901210848;0.00495939584331995
177;SNV;SLC5A3;0.3825;0.3841;48;423;9,78E+09;0.00095403145592434;0.0350729901210848;0.00495939584331995
1005;SNV;XYLT2;0.3906;0.3841;29;442;6,50E+09;0.00095403145592434;0.0350729901210848;0.00495939584331995
405;SNV;ISLR2;0.3836;0.383;38;433;9,25E+09;0.000985281952695569;0.0350729901210848;0.00495939584331995
305;SNV;SOX4;0.3901;0.3829;42;429;6,67E+09;0.000988169642435155;0.0350729901210848;0.00495939584331995
323;SNV;MEGF8;0.3908;0.3829;41;430;6,44E+09;0.000988169642435155;0.0350729901210848;0.00495939584331995
292;SNV;CCR5;0.3855;0.3818;42;429;8,41E+09;0.00102045829742563;0.0350729901210848;0.00495939584331995
589;SNV;TRIP12;0.3794;0.3815;34;437;0.000114128356227028;0.0010294331442649;0.0350729901210848;0.00495939584331995
73;SNV;RNF213;0.3823;0.3807;60;411;9,87E+09;0.00105372639175727;0.0350729901210848;0.00495939584331995
291;SNV;BMPR2;0.3842;0.3803;42;429;8,98E+08;0.00106607202390497;0.0350729901210848;0.00495939584331995
164;SNV;ADGB;0.3795;0.3801;48;423;0.000113561195269467;0.00107229517368614;0.0350729901210848;0.00495939584331995
18;SNV;PCLO;0.3815;0.3792;88;383;0.000102776368927278;0.0011007198088576;0.0350729901210848;0.00495939584331995
9;SNV;OBSCN;0.3744;0.3786;108;363;0.000146277527177757;0.00112005723277642;0.0350729901210848;0.00573120147466949
364;SNV;CHD8;0.3846;0.3785;39;432;8,80E+08;0.00112331069016142;0.0350729901210848;0.00495939584331995
1092;SNV;POLD1;0.3819;0.3781;28;443;0.000100742155674343;0.00113641261270062;0.0350729901210848;0.00495939584331995
191;SNV;COL7A1;0.3798;0.378;47;424;0.000111876091175773;0.00113971022607921;0.0350729901210848;0.00495939584331995
622;SNV;LTBP2;0.3808;0.378;33;438;0.00010643269577133;0.00113971022607921;0.0350729901210848;0.00495939584331995
1019;SNV;ADCY5;0.3772;0.3779;28;443;0.000127325277920369;0.00114301673652499;0.0350729901210848;0.00524667955568417
270;SNV;MGA;0.367;0.3762;43;428;0.000210495523146169;0.00120061024524688;0.0350729901210848;0.00653356234180966
487;SNV;NCOR1;0.3757;0.3757;36;435;0.000137160471407846;0.00121805612626229;0.0350729901210848;0.00546355877774585
392;SNV;TSHZ1;0.3829;0.3741;39;432;9,58E+09;0.00127547950968;0.0350729901210848;0.00495939584331995
445;SNV;RAP2B;0.3663;0.3735;37;434;0.000217822703448056;0.00129765454167727;0.0350729901210848;0.00653932078104712
68;SNV;MYCBP2;0.3768;0.3725;61;410;0.000129878919479954;0.00133541080722209;0.0350729901210848;0.0052611969077473
664;SNV;CNTRL;0.3781;0.3724;32;439;0.00012175655111763;0.00133924205379607;0.0350729901210848;0.00510523082756377
1290;SNV;GPRASP1;0.359;0.3713;26;445;0.000310530733750554;0.00138206528475341;0.0350729901210848;0.00717449953393824
830;SNV;CIC;0.3816;0.371;30;441;0.000102264104593102;0.00139396321485215;0.0350729901210848;0.00495939584331995
425;SNV;DIP2C;0.3643;0.3705;37;434;0.000240144239125307;0.0014140047834987;0.0350729901210848;0.00677197832486158
1588;SNV;CDH6;0.3694;0.3705;24;447;0.000187142248829377;0.0014140047834987;0.0350729901210848;0.00629957710848186
865;SNV;NEXN;0.3698;0.37;30;441;0.000183502431398254;0.00143431376661287;0.0350729901210848;0.00626529730059752
206;SNV;CACNA1C;0.3726;0.3697;46;425;0.000159877562925252;0.00144662887515936;0.0350729901210848;0.00606519643478336
993;SNV;SSTR1;0.3583;0.3697;29;442;0.00032120144356962;0.00144662887515936;0.0350729901210848;0.00717449953393824
435;SNV;MYH8;0.3656;0.3695;37;434;0.000225396580014627;0.0014548934363787;0.0350729901210848;0.00665059044734516
220;SNV;COL27A1;0.3574;0.3691;45;426;0.000335442448711358;0.00147155428848386;0.0350729901210848;0.00721043416436816
1388;SNV;ALPK3;0.3686;0.3683;25;446;0.000194632938667167;0.00150540891798722;0.0350729901210848;0.00637222908787026
252;SNV;MKI67;0.3634;0.3678;44;427;0.000250896732641031;0.00152693388626856;0.0350729901210848;0.00682663964401259
202;SNV;WDR87;0.3683;0.3669;47;424;0.000197516176007817;0.00156640066324391;0.0350729901210848;0.00637923865754977
359;SNV;ZNF462;0.362;0.3661;40;431;0.000268554458607436;0.00160227529514398;0.0350729901210848;0.00705324347331618
448;SNV;SHPRH;0.3676;0.3661;37;434;0.000204405560825824;0.00160227529514398;0.0350729901210848;0.0064912505944284
1674;SNV;RAI1;0.371;0.3657;24;447;0.000172989916598399;0.00162049727158214;0.0350729901210848;0.00626433182833596
230;SNV;NAV2;0.3674;0.3654;45;426;0.000206416336893957;0.00163428979971731;0.0350729901210848;0.0064912505944284
414;SNV;SOCS6;0.3698;0.3645;38;433;0.000183502431398254;0.00167632399384678;0.0350729901210848;0.00626529730059752
1257;SNV;CD93;0.3585;0.3643;26;445;0.000318117044187151;0.00168580018690647;0.0350729901210848;0.00717449953393824
194;SNV;DYNC1H1;0.3715;0.3639;47;424;0.00016878416290762;0.00170490190936172;0.0350729901210848;0.00623669777258212
127;SNV;DNAH1;0.3703;0.3638;51;420;0.000179049053589833;0.0017097086261516;0.0350729901210848;0.00626529730059752
145;SNV;LAMA2;0.3591;0.3638;50;421;0.000309034593220248;0.0017097086261516;0.0350729901210848;0.00717449953393824
279;SNV;RNF43;0.3714;0.3638;43;428;0.000169617303438426;0.0017097086261516;0.0350729901210848;0.00623669777258212
65;SNV;ARID1A;0.3585;0.3631;61;410;0.000318117044187151;0.00174370942343755;0.0350729901210848;0.00717449953393824
149;SNV;BIRC6;0.356;0.3624;49;422;0.000358814655805159;0.00177833679304583;0.0350729901210848;0.00721043416436816
2120;SNV;ADHFE1;0.3437;0.3619;21;450;0.000644025270575302;0.00180346009021605;0.0350729901210848;0.00813935810456741
142;SNV;HERC2;0.3662;0.3616;50;421;0.000218889398528774;0.00181869172121244;0.0350729901210848;0.00653932078104712
132;SNV;PDZD2;0.3596;0.3615;51;420;0.000301657779180587;0.00182379539539892;0.0350729901210848;0.00717449953393824
1784;SNV;FAM122A;0.3569;0.3614;23;448;0.000343615676713097;0.00182891235412785;0.0350729901210848;0.00721043416436816
782;SNV;SIPA1L1;0.3645;0.3611;31;440;0.000237816083064569;0.00184434325461357;0.0350729901210848;0.00677197832486158
694;SNV;NOL6;0.3631;0.3607;32;439;0.000254583325856611;0.00186510570129727;0.0350729901210848;0.00682663964401259
1039;SNV;CHD5;0.3474;0.3607;28;443;0.000540824810839317;0.00186510570129727;0.0350729901210848;0.00782237858725414
745;SNV;IFT172;0.3558;0.3606;31;440;0.000362279308463533;0.00187033008221264;0.0350729901210848;0.00721043416436816
977;SNV;PLEKHA6;0.3735;0.3604;29;442;0.000152930959958332;0.00188081959240972;0.0350729901210848;0.00589524184355505
962;SNV;MAF;0.3525;0.3599;29;442;0.000424329220110929;0.00190728257816414;0.0350729901210848;0.00721043416436816
29;SNV;LRP2;0.3536;0.3598;78;393;0.000402586074177686;0.00191261644314066;0.0350729901210848;0.00721043416436816
465;SNV;CEP290;0.3577;0.3597;36;435;0.000330628987668259;0.0019179641403596;0.0350729901210848;0.00718366618661036
318;SNV;DOCK5;0.3616;0.3596;41;430;0.000273816458718904;0.00192332570266059;0.0350729901210848;0.00711327539498023
372;SNV;HSPG2;0.3603;0.3595;39;432;0.000291615546345141;0.00192870116295311;0.0350729901210848;0.00717449953393824
93;SNV;DNAH7;0.3585;0.3593;55;416;0.000318117044187151;0.00193949390950122;0.0350729901210848;0.00717449953393824
233;SNV;UBR4;0.364;0.3591;45;426;0.000243677881145647;0.0019503426446832;0.0350729901210848;0.00677197832486158
644;SNV;USP27X;0.364;0.3591;33;438;0.000243677881145647;0.0019503426446832;0.0350729901210848;0.00677197832486158
13;SNV;DNAH5;0.3538;0.359;94;377;0.000398750004796493;0.00195578809103217;0.0350729901210848;0.00721043416436816
395;SNV;ZBTB18;0.3701;0.359;39;432;0.000180817689253341;0.00195578809103217;0.0350729901210848;0.00626529730059752
115;SNV;LRRK2;0.3539;0.3587;53;418;0.000396845219646143;0.00197220914530428;0.0350729901210848;0.00721043416436816
495;SNV;UBR3;0.3542;0.3586;36;435;0.000391183395901084;0.00197771118004836;0.0350729901210848;0.00721043416436816
271;SNV;MLLT4;0.3572;0.3582;43;428;0.000338688952665324;0.00199986196585573;0.0350729901210848;0.00721043416436816
2338;SNV;TAF1;0.3398;0.3581;21;450;0.000773220147403087;0.00200543549298731;0.0350729901210848;0.00851611130089114
643;SNV;TULP4;0.3599;0.3573;33;438;0.00029731369297648;0.00205054498300256;0.0350729901210848;0.00717449953393824
841;SNV;EP300;0.3632;0.3572;30;441;0.000253348676198242;0.00205624934285933;0.0350729901210848;0.00682663964401259
449;SNV;SPN;0.3604;0.357;37;434;0.000290207590032537;0.00206770222466394;0.0350729901210848;0.00717449953393824
938;SNV;DNM3;0.3503;0.3569;29;442;0.000471262958136867;0.00207345081608419;0.0350729901210848;0.00756630302365081
28;SNV;RYR3;0.36;0.3567;79;392;0.000295879148453778;0.00208499247419228;0.0350729901210848;0.00717449953393824
464;SNV;CELSR1;0.3523;0.3567;36;435;0.000428402364577522;0.00208499247419228;0.0350729901210848;0.00721043416436816
1874;SNV;SEMA3E;0.3449;0.3563;23;448;0.000608637732884418;0.00210825467181848;0.0350729901210848;0.00812650380778636
496;SNV;ZBED4;0.36;0.3562;36;435;0.000295879148453778;0.00211410769328564;0.0350729901210848;0.00717449953393824
1365;SNV;TUBGCP3;0.3568;0.356;26;445;0.000345273245490471;0.00212585894998198;0.0350729901210848;0.00721043416436816
576;SNV;MYH7;0.353;0.3559;34;437;0.000414309109029072;0.00213175725616316;0.0350729901210848;0.00721043416436816
580;SNV;PRDM2;0.3566;0.3559;34;437;0.000348611579810353;0.00213175725616316;0.0350729901210848;0.00721043416436816
273;SNV;NIPBL;0.3547;0.3555;43;428;0.000381919823042465;0.00215550249770642;0.0350729901210848;0.00721043416436816
245;SNV;HERC1;0.3549;0.3551;44;427;0.000378273987535326;0.00217949268610862;0.0350729901210848;0.00721043416436816
966;SNV;MUC19;0.3411;0.355;29;442;0.000727611129356118;0.00218552877631296;0.0350729901210848;0.00824128022238183
459;SNV;ALPK2;0.3541;0.3548;36;435;0.000393061953866945;0.0021976474620518;0.0350729901210848;0.00721043416436816
287;SNV;ACVR2A;0.3613;0.3546;42;429;0.000277828251283079;0.00220982839756894;0.0350729901210848;0.00713988731791999
1148;SNV;FGG;0.3537;0.3544;27;444;0.0004006636099488;0.00222207187514038;0.0350729901210848;0.00721043416436816
121;SNV;RAG1;0.3629;0.3541;52;419;0.000257070112117629;0.00224055500022418;0.0350729901210848;0.00682663964401259
1030;SNV;BCR;0.3579;0.3541;28;443;0.000327457154974796;0.00224055500022418;0.0350729901210848;0.00718002385678681
67;SNV;FAT1;0.3581;0.3539;61;410;0.000324314727421068;0.00225295611970312;0.0350729901210848;0.00717696480126253
518;SNV;LARP4B;0.3663;0.3534;35;436;0.000217822703448056;0.00228423770962262;0.0350729901210848;0.00653932078104712
477;SNV;FHOD3;0.3525;0.3531;36;435;0.000424329220110929;0.00230319932932519;0.0350729901210848;0.00721043416436816
591;SNV;ZBTB20;0.3646;0.353;34;437;0.00023666021186933;0.00230955220566934;0.0350729901210848;0.00677197832486158
443;SNV;PLXNA1;0.3601;0.3529;37;434;0.000294451295790437;0.00231592131319716;0.0350729901210848;0.00717449953393824
361;SNV;AMER3;0.3546;0.3527;39;432;0.000383755435441353;0.00232870837346498;0.0350729901210848;0.00721043416436816
648;SNV;ZBTB43;0.3533;0.3527;33;438;0.000408407014527523;0.00232870837346498;0.0350729901210848;0.00721043416436816
175;SNV;PKHD1L1;0.353;0.3526;48;423;0.000414309109029072;0.00233512640223338;0.0350729901210848;0.00721043416436816
320;SNV;KANSL1;0.3555;0.3526;41;430;0.000367536916941619;0.00233512640223338;0.0350729901210848;0.00721043416436816
979;SNV;PLXNB3;0.3519;0.3524;29;442;0.000436662070555086;0.00234801164770508;0.0350729901210848;0.00728204568145594
63;SNV;DNAH9;0.3527;0.352;62;409;0.000420293439472503;0.00237397996313269;0.0350729901210848;0.00721043416436816
165;SNV;ASPM;0.3501;0.3519;48;423;0.000475769549304408;0.00238051347984431;0.0350729901210848;0.00756630302365081
277;SNV;POU3F2;0.3584;0.3519;43;428;0.00031965564943622;0.00238051347984431;0.0350729901210848;0.00717449953393824
536;SNV;STAB2;0.3411;0.3511;35;436;0.000727611129356118;0.00243338436729613;0.0350729901210848;0.00824128022238183
1014;SNV;ABCA5;0.3486;0.351;28;443;0.000510917928577106;0.00244006915829085;0.0350729901210848;0.00777766782993174
377;SNV;MUC2;0.3526;0.3506;39;432;0.00042230667987457;0.00246697876051442;0.0350729901210848;0.00721043416436816
1647;SNV;MAP7D1;0.3518;0.3501;24;447;0.000438750869510316;0.00250100222754212;0.0350729901210848;0.00728204568145594
716;SNV;TET3;0.3542;0.3498;32;439;0.000391183395901084;0.00252162434093868;0.0350729901210848;0.00721043416436816
333;SNV;CACNA1D;0.3557;0.3492;40;431;0.000364023724757861;0.00256334172662071;0.0350729901210848;0.00721043416436816
155;SNV;KCNA1;0.3439;0.349;49;422;0.000637992993215187;0.002577388910518;0.0350729901210848;0.00813935810456741
691;SNV;NBEAL1;0.3498;0.349;32;439;0.000482607398803688;0.002577388910518;0.0350729901210848;0.00758836633645272
151;SNV;CHD7;0.35;0.3489;49;422;0.000478038391870825;0.00258443919706311;0.0350729901210848;0.00756630302365081
353;SNV;RP1L1;0.3469;0.3488;40;431;0.00055377738426587;0.00259150733487155;0.0350729901210848;0.00782237858725414
66;SNV;DNHD1;0.3482;0.3487;61;410;0.000520705371602699;0.00259859336519862;0.0350729901210848;0.00782237858725414
227;SNV;KCNJ2;0.34;0.3484;45;426;0.000766028902528973;0.00261995922512097;0.0350729901210848;0.00851539105601975
222;SNV;FLNC;0.3524;0.348;45;426;0.000426361101261496;0.00264870005134816;0.0350729901210848;0.00721043416436816
1037;SNV;CEP192;0.3564;0.3478;28;443;0.000351981073554923;0.0026631796508111;0.0350729901210848;0.00721043416436816
1091;SNV;PLXNB2;0.3406;0.3477;28;443;0.000744838536773987;0.00267044689414534;0.0350729901210848;0.00835757794783958
8;SNV;FAT4;0.3514;0.3473;122;349;0.00044720282398933;0.00269969981048526;0.0350729901210848;0.00732064896804452
138;SNV;UNC79;0.345;0.3473;51;420;0.000605774731838819;0.00269969981048526;0.0350729901210848;0.00812650380778636
197;SNV;PRUNE2;0.3395;0.3471;47;424;0.000784128704153894;0.00271443722858353;0.0350729901210848;0.00859664038040278
213;SNV;SVIL;0.3494;0.3471;46;425;0.000491871987658836;0.00271443722858353;0.0350729901210848;0.00768349052617397
549;SNV;CDK12;0.3455;0.347;34;437;0.000591653006804889;0.00272183382675651;0.0350729901210848;0.00812650380778636
596;SNV;ARID1B;0.3526;0.347;33;438;0.00042230667987457;0.00272183382675651;0.0350729901210848;0.00721043416436816
79;SNV;AHNAK;0.3453;0.3469;58;413;0.000597263263344877;0.00272924907472778;0.0350729901210848;0.00812650380778636
339;SNV;HELZ2;0.3374;0.3469;40;431;0.000864732076712524;0.00272924907472778;0.0350729901210848;0.00902493302769839
98;SNV;NFASC;0.3507;0.3468;55;416;0.000462372887585859;0.00273668301539377;0.0350729901210848;0.00751749116551159
133;SNV;PRKDC;0.3438;0.3468;51;420;0.000641002307507975;0.00273668301539377;0.0350729901210848;0.00813935810456741
356;SNV;VPS13A;0.3451;0.3468;40;431;0.000602924690478737;0.00273668301539377;0.0350729901210848;0.00812650380778636
718;SNV;TOP2B;0.3516;0.3468;32;439;0.000442957409814521;0.00273668301539377;0.0350729901210848;0.00730116006521865
786;SNV;SPTAN1;0.3475;0.3465;31;440;0.000538269535686664;0.00275909742384372;0.0350729901210848;0.00782237858725414
111;SNV;AKAP9;0.3429;0.3464;53;418;0.000668707455394406;0.00276660656601308;0.0350729901210848;0.008195952914834
1309;SNV;LIAS;0.3559;0.3463;26;445;0.000360542964073327;0.00277413461668078;0.0350729901210848;0.00721043416436816
11;SNV;ZFHX4;0.3479;0.3462;98;373;0.000528164208117485;0.00278168161927287;0.0350729901210848;0.00782237858725414
706;SNV;PRND;0.3363;0.3462;32;439;0.000910067508374139;0.00278168161927287;0.0350729901210848;0.00925558019154976
925;SNV;CCDC132;0.3438;0.3459;29;442;0.000641002307507975;0.00280443677418956;0.0350729901210848;0.00813935810456741
203;SNV;ZNF469;0.3412;0.3457;47;424;0.000724211892250321;0.00281970243723791;0.0350729901210848;0.00824128022238183
566;SNV;GRM5;0.3387;0.3455;34;437;0.000813945431379625;0.00283504495778149;0.0350729901210848;0.00872345103586235
21;SNV;NEB;0.35;0.3453;87;384;0.000478038391870825;0.00285046468858833;0.0350729901210848;0.00756630302365081
317;SNV;DNAH12;0.3443;0.3453;41;430;0.000626091053097646;0.00285046468858833;0.0350729901210848;0.00813935810456741
488;SNV;NLRC5;0.3471;0.3453;36;435;0.00054856091064756;0.00285046468858833;0.0350729901210848;0.00782237858725414
820;SNV;CACHD1;0.3416;0.3444;30;441;0.000710766907682848;0.00292081848543122;0.0350729901210848;0.00824128022238183
886;SNV;RGS12;0.3422;0.3434;30;441;0.000691048229593643;0.00300087130389851;0.0350729901210848;0.00821267534033657
16;SNV;FUT9;0.3477;0.3433;92;379;0.000533193817988116;0.0030089872067441;0.0350729901210848;0.00782237858725414
379;SNV;MYO15A;0.3476;0.3432;39;432;0.000535725888236902;0.00301712340629403;0.0350729901210848;0.00782237858725414
946;SNV;GGPS1;0.3429;0.3432;29;442;0.000668707455394406;0.00301712340629403;0.0350729901210848;0.008195952914834
168;SNV;DSEL;0.3413;0.3431;48;423;0.000720827916593301;0.00302527994880021;0.0350729901210848;0.00824128022238183
72;SNV;MDN1;0.3469;0.343;60;411;0.00055377738426587;0.00303345688060825;0.0350729901210848;0.00782237858725414
539;SNV;UBR5;0.343;0.343;35;436;0.000665573159750925;0.00303345688060825;0.0350729901210848;0.008195952914834
212;SNV;PTPRK;0.3443;0.3429;46;425;0.000626091053097646;0.00304165424815753;0.0350729901210848;0.00813935810456741
497;SNV;ZFYVE26;0.3422;0.3428;36;435;0.000691048229593643;0.00304987209798153;0.0350729901210848;0.00821267534033657
232;SNV;TRIM13;0.3426;0.3426;45;426;0.000678195715093569;0.00306636943105843;0.0350729901210848;0.00821267534033657
107;SNV;ROBO1;0.3392;0.3421;54;417;0.000795184957907914;0.00310797447906667;0.0350729901210848;0.00863860022454507
559;SNV;DYRK2;0.3426;0.3421;34;437;0.000678195715093569;0.00310797447906667;0.0350729901210848;0.00821267534033657
679;SNV;KMT2E;0.341;0.3421;32;439;0.000731025693366087;0.00310797447906667;0.0350729901210848;0.00824128022238183
342;SNV;MYH9;0.3547;0.3417;40;431;0.000381919823042465;0.00314163367932721;0.0350729901210848;0.00721043416436816
1236;SNV;AHDC1;0.3415;0.3417;26;445;0.00071410548911226;0.00314163367932721;0.0350729901210848;0.00824128022238183
1310;SNV;LRRCC1;0.3469;0.3416;26;445;0.00055377738426587;0.00315010098049546;0.0350729901210848;0.00782237858725414
626;SNV;MYLK;0.3275;0.3409;33;438;0.00136433357560186;0.00320996545941571;0.0350729901210848;0.0106560694303544
1264;SNV;CORIN;0.3297;0.3409;26;445;0.00123379844776125;0.00320996545941571;0.0350729901210848;0.0102744888158515
2098;SNV;VWA5B2;0.342;0.3409;22;449;0.000697561964053691;0.00320996545941571;0.0350729901210848;0.00821267534033657
520;SNV;LRRN3;0.3461;0.3408;35;436;0.000575124867827368;0.00321860287296119;0.0350729901210848;0.00794536667114109
1484;SNV;NHS;0.3323;0.3407;25;446;0.00109491321003814;0.00322726176798635;0.0350729901210848;0.00987487763015529
481;SNV;LRRN1;0.3333;0.3405;36;435;0.00104558964007612;0.00324464419714424;0.0350729901210848;0.00976155953039816
35;SNV;CCDC168;0.3436;0.3404;73;398;0.000647061941367284;0.00325336782885582;0.0350729901210848;0.00813935810456741
891;SNV;SETBP1;0.3415;0.3404;30;441;0.00071410548911226;0.00325336782885582;0.0350729901210848;0.00824128022238183
167;SNV;DCAF4L2;0.3444;0.34;48;423;0.000623149106724097;0.00328847961291842;0.0350729901210848;0.00813935810456741
504;SNV;CASZ1;0.3488;0.3397;35;436;0.000506090902118251;0.00331504294953553;0.0350729901210848;0.00777766782993174
256;SNV;SCN3A;0.3302;0.3395;44;427;0.00120584352737505;0.00333286186783378;0.0350729901210848;0.0101944068301957
647;SNV;ZBTB34;0.3463;0.3394;33;438;0.000569714918508469;0.00334180448433075;0.0350729901210848;0.00794536667114109
64;SNV;SYNE2;0.3462;0.339;62;409;0.000572413741479614;0.00337779716542448;0.0350729901210848;0.00794536667114109
169;SNV;FCGBP;0.3211;0.3388;48;423;0.00182334002305411;0.0033959275378611;0.0350729901210848;0.0110767654692386
6;SNV;MUC16;0.3441;0.3387;149;322;0.000632015076341737;0.00340502640846167;0.0350729901210848;0.00813935810456741
332;SNV;ACACB;0.3371;0.3387;40;431;0.00087687667861709;0.00340502640846167;0.0350729901210848;0.00911189244302107
981;SNV;PTCH1;0.3489;0.3385;29;442;0.000503693893522187;0.00342329177157547;0.0350729901210848;0.00777766782993174
184;SNV;BSN;0.3402;0.3384;47;424;0.000758901915814222;0.00343245836565138;0.0350729901210848;0.00847558681680369
74;SNV;DNAH10;0.3424;0.3376;59;412;0.000684592979944592;0.00350661176209286;0.0350729901210848;0.00821267534033657
122;SNV;RIMS1;0.3387;0.3375;52;419;0.000813945431379625;0.00351598428801316;0.0350729901210848;0.00872345103586235
1356;SNV;SYNRG;0.3449;0.3375;26;445;0.000608637732884418;0.00351598428801316;0.0350729901210848;0.00812650380778636
1815;SNV;MKL1;0.3366;0.3373;23;448;0.000897482139733603;0.00353479880946398;0.0350729901210848;0.00916659108531329
685;SNV;MYO10;0.3361;0.3371;32;439;0.000918551603537391;0.00355370630396066;0.0350729901210848;0.00926303093862601
234;SNV;ZAN;0.3417;0.3368;45;426;0.000707443328489527;0.00358224278440144;0.0350729901210848;0.00824128022238183
829;SNV;CHD3;0.3366;0.3367;30;441;0.000897482139733603;0.00359180188466623;0.0350729901210848;0.00916659108531329
178;SNV;SPRY3;0.3296;0.3366;48;423;0.00123946333572877;0.00360138454271009;0.0350729901210848;0.0102858242096936
84;SNV;SSPO;0.3392;0.3361;58;413;0.000795184957907914;0.00364965305089246;0.0350729901210848;0.00863860022454507
1567;SNV;ADGRL1;0.3307;0.3361;24;447;0.00117849519532475;0.00364965305089246;0.0350729901210848;0.0101782786953075
185;SNV;CACNA1A;0.3439;0.3356;47;424;0.000637992993215187;0.003698518466507;0.0350729901210848;0.00813935810456741
1420;SNV;DDX39B;0.3468;0.3355;25;446;0.000556403497838161;0.00370836376730542;0.0350729901210848;0.00782237858725414
860;SNV;MECOM;0.3472;0.3352;30;441;0.000545970447298107;0.00373804507520104;0.0350729901210848;0.00782237858725414
983;SNV;RAPGEF2;0.3446;0.3351;29;442;0.000617305056796042;0.00374798749354565;0.0350729901210848;0.00813935810456741
634;SNV;RBM15B;0.3297;0.3345;33;438;0.00123379844776125;0.00380815663069917;0.0350729901210848;0.0102744888158515
1439;SNV;FGD6;0.3276;0.3344;25;446;0.00135812414370792;0.00381827110244852;0.0350729901210848;0.0106560694303544
1061;SNV;JAK1;0.3486;0.334;28;443;0.000510917928577106;0.00385897752965125;0.0350729901210848;0.00777766782993174
2361;SNV;VPS33A;0.3432;0.334;21;450;0.000659346889162637;0.00385897752965125;0.0350729901210848;0.008195952914834
22;SNV;DST;0.3434;0.3337;86;385;0.000653176643120848;0.00388976987013534;0.0350729901210848;0.00817325747151218
263;SNV;CENPF;0.3398;0.3336;43;428;0.000773220147403087;0.00390008428455006;0.0350729901210848;0.00851611130089114
54;SNV;VPS13B;0.3357;0.3332;65;406;0.000935747903654606;0.00394159494105959;0.0350729901210848;0.00935747903654606
247;SNV;HUWE1;0.3361;0.3332;44;427;0.000918551603537391;0.00394159494105959;0.0350729901210848;0.00926303093862601
605;SNV;DDX60L;0.3301;0.3331;33;438;0.00121138558149605;0.00395203613631099;0.0350729901210848;0.0101944068301957
114;SNV;FRY;0.3326;0.3329;53;418;0.00107988687209333;0.00397299515968635;0.0350729901210848;0.00987487763015529
420;SNV;ZXDB;0.3374;0.3329;38;433;0.000864732076712524;0.00397299515968635;0.0350729901210848;0.00902493302769839
836;SNV;DDI1;0.3279;0.3326;30;441;0.00133965748686315;0.00400462612864297;0.0350729901210848;0.0106560694303544
101;SNV;COL11A1;0.333;0.3325;54;417;0.00106015871820956;0.00401522132856954;0.0350729901210848;0.00982085014155365
907;SNV;WNK2;0.3347;0.3324;30;441;0.000980099632506443;0.00402584239558514;0.0350729901210848;0.00940738201482087
1146;SNV;FAM208A;0.3366;0.3321;27;444;0.000897482139733603;0.0040578613731169;0.0350729901210848;0.00916659108531329
403;SNV;FLNA;0.3354;0.3317;38;433;0.000948847266953939;0.00410091897382145;0.0350729901210848;0.00940738201482087
529;SNV;PLCE1;0.3206;0.3316;35;436;0.00186481810886543;0.00411174905120047;0.0350729901210848;0.0110767654692386
2240;SNV;NEURL4;0.3379;0.3316;21;450;0.000844848906047773;0.00411174905120047;0.0350729901210848;0.00893446409492998
259;SNV;ANKRD11;0.3306;0.3313;43;428;0.0011839169361069;0.00414439784003963;0.0350729901210848;0.0101782786953075
659;SNV;ATXN1L;0.3341;0.3307;32;439;0.00100767048458661;0.00421041419796201;0.0350729901210848;0.00951910062514622
689;SNV;NACA;0.3472;0.3306;32;439;0.000545970447298107;0.00422151078697813;0.0350729901210848;0.00782237858725414
278;SNV;PTPRS;0.338;0.3304;43;428;0.000840925268229264;0.0042437849521933;0.0350729901210848;0.00893249507141308
600;SNV;CEP170;0.3315;0.3299;33;438;0.00113596856134273;0.00429994557534366;0.0350729901210848;0.0100183205225429
1041;SNV;CIITA;0.3422;0.3299;28;443;0.000691048229593643;0.00429994557534366;0.0350729901210848;0.00821267534033657
4;SNV;KRAS;0.3291;0.3297;198;273;0.00126816294756525;0.00432260116794204;0.0350729901210848;0.0103798268653457
2166;SNV;EGR2;0.3329;0.3289;21;450;0.00106505814182877;0.00441432902141059;0.0350729901210848;0.00982814269872877
23;SNV;FBXW7;0.3339;0.3284;86;385;0.00101702481028531;0.0044725670556339;0.0350729901210848;0.00953211488855642
141;SNV;DSCAML1;0.3352;0.3284;50;421;0.00095767765580474;0.0044725670556339;0.0350729901210848;0.00940738201482087
530;SNV;POLE;0.3368;0.328;35;436;0.00088918482291194;0.00451966672965388;0.0350729901210848;0.00916659108531329
848;SNV;GPR88;0.3314;0.3279;30;441;0.00114120292388704;0.0045315128947859;0.0350729901210848;0.0100274815738604
1069;SNV;KLHL34;0.3223;0.3279;28;443;0.0017273496494552;0.0045315128947859;0.0350729901210848;0.0109132503152281
1713;SNV;ZNF516;0.3308;0.3279;24;447;0.00117309721898977;0.0045315128947859;0.0350729901210848;0.0101782786953075
266;SNV;DCC;0.3312;0.3277;43;428;0.00115174099346386;0.00455529115858265;0.0350729901210848;0.0100830072321562
1215;SNV;TNRC18;0.332;0.3277;27;444;0.00111013964645756;0.00455529115858265;0.0350729901210848;0.00990012595161775
1058;SNV;HCN4;0.3261;0.3275;28;443;0.00145416519521938;0.0045791844189754;0.0350729901210848;0.0107575549745301
62;SNV;COL12A1;0.3264;0.3274;62;409;0.00143445238191909;0.00459117433030619;0.0350729901210848;0.0107289019886641
1246;SNV;BAHCC1;0.3339;0.3273;26;445;0.00101702481028531;0.0046031931799216;0.0350729901210848;0.00953211488855642
621;SNV;LENG8;0.3385;0.3268;33;438;0.000821567970992434;0.00466372372197098;0.0350729901210848;0.00876583683335678
229;SNV;LYST;0.3293;0.3267;45;426;0.00125660765378044;0.004675917534825;0.0350729901210848;0.0103798268653457
1112;SNV;TTC37;0.3254;0.3266;28;443;0.00150117281740983;0.00468814073161499;0.0350729901210848;0.010790817703672
174;SNV;MXRA5;0.3324;0.3265;48;423;0.00108988232115815;0.0047003933764956;0.0350729901210848;0.00987487763015529
1667;SNV;PLA2R1;0.3357;0.3265;24;447;0.000935747903654606;0.0047003933764956;0.0350729901210848;0.00935747903654606
590;SNV;TTC28;0.3257;0.3264;34;437;0.00148085170988301;0.00471267553374461;0.0350729901210848;0.0107575549745301
40;SNV;HMCN1;0.3257;0.3263;71;400;0.00148085170988301;0.00472498726776313;0.0350729901210848;0.0107575549745301
96;SNV;LAMA1;0.3376;0.3263;55;416;0.000856725512040503;0.00472498726776313;0.0350729901210848;0.00902014966421499
2255;SNV;OR6K2;0.327;0.3262;21;450;0.0013957898526352;0.00473732864307578;0.0350729901210848;0.0107289019886641
594;SNV;ABCA2;0.3197;0.3261;33;438;0.00194175359529371;0.00474969972433089;0.0350729901210848;0.0112600531332356
302;SNV;PLXNA4;0.3347;0.3259;42;429;0.000980099632506443;0.00477453126388156;0.0350729901210848;0.00940738201482087
261;SNV;BCL9L;0.3309;0.3258;43;428;0.00116772290858528;0.00478699185209411;0.0350729901210848;0.0101782786953075
995;SNV;TCERG1;0.3284;0.3258;29;442;0.00130941191613516;0.00478699185209411;0.0350729901210848;0.0105370184497072
1346;SNV;RERE;0.3348;0.3256;26;445;0.000975575360026159;0.0048120029911195;0.0350729901210848;0.00940738201482087
1361;SNV;TJP2;0.3389;0.3256;26;445;0.000806390807747514;0.0048120029911195;0.0350729901210848;0.00872069697066317
1998;SNV;KCNH3;0.3318;0.3256;22;449;0.00112040301309192;0.0048120029911195;0.0350729901210848;0.00991764148625811
862;SNV;MPRIP;0.3344;0.3255;30;441;0.000993793429541838;0.00482455367259685;0.0350729901210848;0.00946281393069719
553;SNV;CHD1;0.3331;0.3254;34;437;0.00105528088673654;0.00483713451603534;0.0350729901210848;0.00981370163151881
1095;SNV;PTPN14;0.3321;0.3254;28;443;0.0011050417795388;0.00483713451603534;0.0350729901210848;0.00990012595161775
26;SNV;RYR1;0.3347;0.3253;82;389;0.000980099632506443;0.00484974558708002;0.0350729901210848;0.00940738201482087
192;SNV;CREBBP;0.3355;0.3253;47;424;0.000944461398584313;0.00484974558708002;0.0350729901210848;0.00940526142756879
535;SNV;SCN4A;0.3286;0.3253;35;436;0.00129749741255393;0.00484974558708002;0.0350729901210848;0.0105119281898437
2292;SNV;RBM15;0.3306;0.3253;21;450;0.0011839169361069;0.00484974558708002;0.0350729901210848;0.0101782786953075
1580;SNV;C10orf90;0.3144;0.3251;24;447;0.00245978340774805;0.0048750586751958;0.0350729901210848;0.0121715990569728
250;SNV;LOXHD1;0.3277;0.3249;44;427;0.00135194172550342;0.0049004934646177;0.0350729901210848;0.0106560694303544
166;SNV;CMYA5;0.3205;0.3248;48;423;0.00187322089509714;0.0049132566627678;0.0350729901210848;0.0110767654692386
1969;SNV;EHMT2;0.3251;0.3248;22;449;0.00152176000054131;0.0049132566627678;0.0350729901210848;0.010809320094371
129;SNV;FNDC1;0.3253;0.3247;51;420;0.00150800548662194;0.00492605048503633;0.0350729901210848;0.010790817703672
688;SNV;MYOF;0.3197;0.3247;32;439;0.00194175359529371;0.00492605048503633;0.0350729901210848;0.0112600531332356
1682;SNV;SASH1;0.3263;0.3247;24;447;0.00144099478592518;0.00492605048503633;0.0350729901210848;0.0107289019886641
402;SNV;CUL9;0.3292;0.3246;38;433;0.00126237265639121;0.00493887499795081;0.0350729901210848;0.0103798268653457
1444;SNV;GPATCH8;0.3228;0.3246;25;446;0.00168879252464043;0.00493887499795081;0.0350729901210848;0.0109132503152281
171;SNV;FRAS1;0.342;0.3245;48;423;0.000697561964053691;0.00495173026816562;0.0350729901210848;0.00821267534033657
932;SNV;CEP295;0.3224;0.3245;29;442;0.00171957169547296;0.00495173026816562;0.0350729901210848;0.0109132503152281
1241;SNV;ARAP3;0.3345;0.3244;26;445;0.00098920858242505;0.0049646163624622;0.0350729901210848;0.00945683404798348
154;SNV;DNAH14;0.3279;0.3243;49;422;0.00133965748686315;0.00497753334774924;0.0350729901210848;0.0106560694303544
532;SNV;QKI;0.3303;0.3243;35;436;0.00120032573601386;0.00497753334774924;0.0350729901210848;0.0101944068301957
1808;SNV;LPIN2;0.3347;0.3242;23;448;0.000980099632506443;0.00499048129106287;0.0350729901210848;0.00940738201482087
316;SNV;DMXL2;0.3257;0.3241;41;430;0.00148085170988301;0.0050034602595669;0.0350729901210848;0.0107575549745301
1609;SNV;EIF4G3;0.3236;0.3241;24;447;0.00162880315802591;0.0050034602595669;0.0350729901210848;0.0109006248724322
508;SNV;CFH;0.321;0.3239;35;436;0.00183156467215684;0.00502951154144072;0.0350729901210848;0.0110767654692386
1335;SNV;PCSK5;0.3185;0.3238;26;445;0.00204904554465252;0.00504258398977816;0.0350729901210848;0.011493425161661
722;SNV;ZNF345;0.3303;0.3237;32;439;0.00120032573601386;0.00505568773324161;0.0350729901210848;0.0101944068301957
819;SNV;C11orf87;0.3259;0.3237;30;441;0.00146745052163235;0.00505568773324161;0.0350729901210848;0.0107575549745301
1197;SNV;PPP1R26;0.3277;0.3237;27;444;0.00135194172550342;0.00505568773324161;0.0350729901210848;0.0106560694303544
1248;SNV;BMP1;0.3289;0.3236;26;445;0.00127981981504282;0.00506882283963619;0.0350729901210848;0.0104394858633186
2091;SNV;TRIM71;0.3283;0.3236;22;449;0.00131540832106986;0.00506882283963619;0.0350729901210848;0.0105497512998556
471;SNV;DOCK9;0.3266;0.3234;36;435;0.00142145259250063;0.00509518741308313;0.0350729901210848;0.0107289019886641
480;SNV;KCNA6;0.332;0.3232;36;435;0.00111013964645756;0.00512167825513985;0.0350729901210848;0.00990012595161775
410;SNV;MYO16;0.3299;0.3229;38;433;0.00122254288167626;0.00516165246920009;0.0350729901210848;0.0102522017094956
12;SNV;SOX11;0.3146;0.3228;96;375;0.0024380522862558;0.00517504093552852;0.0350729901210848;0.0121681059073388
537;SNV;TACC2;0.3286;0.3226;35;436;0.00129749741255393;0.00520191387428392;0.0350729901210848;0.0105119281898437
1344;SNV;RALGAPB;0.3196;0.3224;26;445;0.00195048619128013;0.00522891528250897;0.0350729901210848;0.0112600531332356
341;SNV;KCNA4;0.3245;0.3223;40;431;0.00156374575049242;0.00524246433616592;0.0350729901210848;0.0108960709728189
15;SNV;CSMD1;0.3235;0.3221;92;379;0.0016361891157819;0.00526965949070497;0.0350729901210848;0.0109006248724322
409;SNV;MAP3K4;0.3225;0.3219;38;433;0.00171182714064356;0.005296984507263;0.0350729901210848;0.0109132503152281
941;SNV;EVC;0.3222;0.3219;29;442;0.00173516113798605;0.005296984507263;0.0350729901210848;0.0109132503152281
1393;SNV;ARHGEF17;0.3228;0.3218;25;446;0.00168879252464043;0.005310695888939;0.0350729901210848;0.0109132503152281
1514;SNV;SAFB2;0.3276;0.3218;25;446;0.00135812414370792;0.005310695888939;0.0350729901210848;0.0106560694303544
321;SNV;KIAA1217;0.3273;0.3216;41;430;0.00137683392629345;0.00533821675052313;0.0350729901210848;0.0107186745401998
1564;SNV;ACE;0.323;0.3216;24;447;0.00167360065001158;0.00533821675052313;0.0350729901210848;0.0109132503152281
1616;SNV;FAM193A;0.325;0.3216;24;447;0.00152868208866;0.00533821675052313;0.0350729901210848;0.010809320094371
909;SNV;ZC3H18;0.3324;0.3215;30;441;0.00108988232115815;0.00535202637140477;0.0350729901210848;0.00987487763015529
1164;SNV;KIF21B;0.3318;0.3213;27;444;0.00112040301309192;0.00537974434677871;0.0350729901210848;0.00991764148625811
1919;SNV;ZNF862;0.3266;0.3213;23;448;0.00142145259250063;0.00537974434677871;0.0350729901210848;0.0107289019886641
2348;SNV;TTC30A;0.3234;0.3213;21;450;0.00164360701613565;0.00537974434677871;0.0350729901210848;0.0109006248724322
1504;SNV;PRDM16;0.3266;0.3212;25;446;0.00142145259250063;0.0053936528430437;0.0350729901210848;0.0107289019886641
734;SNV;ELMSAN1;0.3239;0.3211;31;440;0.00160683564801328;0.00540759443976522;0.0350729901210848;0.0109006248724322
1357;SNV;TBC1D9B;0.3264;0.3211;26;445;0.00143445238191909;0.00540759443976522;0.0350729901210848;0.0107289019886641
388;SNV;SPAG17;0.3076;0.3209;39;432;0.00331811488224296;0.00543557721959475;0.0350729901210848;0.013195165671482
719;SNV;WT1;0.3173;0.3209;32;439;0.00216196432894408;0.00543557721959475;0.0350729901210848;0.0116633974833015
1639;SNV;KIF26A;0.3264;0.3208;24;447;0.00143445238191909;0.00544961854554677;0.0350729901210848;0.0107289019886641
2022;SNV;NLRC4;0.3262;0.3207;22;449;0.00144756568469898;0.0054636932576437;0.0350729901210848;0.010744353995126
914;SNV;ABCA7;0.3342;0.3206;29;442;0.00100302429478252;0.00547780142764399;0.0350729901210848;0.0095128097798818
1249;SNV;BRD8;0.3253;0.3205;26;445;0.00150800548662194;0.005491943127441;0.0350729901210848;0.010790817703672
1596;SNV;CLIP1;0.3115;0.3203;24;447;0.00279629756727495;0.00552032740467468;0.0350729901210848;0.012585972101294
1047;SNV;DDX47;0.3249;0.3202;28;443;0.00153563422725732;0.00553457012657469;0.0350729901210848;0.0108264477968879
1648;SNV;MEGF6;0.3222;0.3202;24;447;0.00173516113798605;0.00553457012657469;0.0350729901210848;0.0109132503152281
243;SNV;EVC2;0.3225;0.3201;44;427;0.00171182714064356;0.0055488466671985;0.0350729901210848;0.0109132503152281
453;SNV;ZC3H13;0.3151;0.3201;37;434;0.00238451944081184;0.0055488466671985;0.0350729901210848;0.0120741556430939
1776;SNV;DUSP27;0.3166;0.32;23;448;0.00223054122963402;0.00556315709911731;0.0350729901210848;0.0118203847867524
179;SNV;SRCAP;0.3238;0.3199;48;423;0.00161412655289236;0.00557750149503852;0.0350729901210848;0.0109006248724322
217;SNV;ABCA4;0.3213;0.3199;45;426;0.00180699618054999;0.00557750149503852;0.0350729901210848;0.0110736432602935
336;SNV;FAM135B;0.3226;0.3199;40;431;0.00170411585007359;0.00557750149503852;0.0350729901210848;0.0109132503152281
1992;SNV;HIRA;0.3284;0.3198;22;449;0.00130941191613516;0.0055918799278059;0.0350729901210848;0.0105370184497072
50;SNV;DNAH17;0.3266;0.3197;66;405;0.00142145259250063;0.0056062924703998;0.0350729901210848;0.0107289019886641
968;SNV;MYO7B;0.3228;0.3196;29;442;0.00168879252464043;0.00562073919593742;0.0350729901210848;0.0109132503152281
975;SNV;PHF20L1;0.3268;0.3196;29;442;0.00140856538941685;0.00562073919593742;0.0350729901210848;0.0107289019886641
421;SNV;ARHGAP21;0.3236;0.3193;37;434;0.00162880315802591;0.00566428520344091;0.0350729901210848;0.0109006248724322
1537;SNV;TACC1;0.3185;0.3193;25;446;0.00204904554465252;0.00566428520344091;0.0350729901210848;0.011493425161661
956;SNV;KDM5B;0.3257;0.3192;29;442;0.00148085170988301;0.00567886939466868;0.0350729901210848;0.0107575549745301
1864;SNV;RABGAP1;0.3185;0.3192;23;448;0.00204904554465252;0.00567886939466868;0.0350729901210848;0.011493425161661
501;SNV;BACE2;0.3256;0.3191;35;436;0.00148759604937867;0.00569348813648548;0.0350729901210848;0.0107738016909546
928;SNV;CDC42BPA;0.3215;0.3191;29;442;0.00179079200456751;0.00569348813648548;0.0350729901210848;0.0110736432602935
2086;SNV;TMEM132A;0.3208;0.3191;22;449;0.00184812013645328;0.00569348813648548;0.0350729901210848;0.0110767654692386
896;SNV;SOX6;0.3243;0.319;30;441;0.00157798503127444;0.0057081415028337;0.0350729901210848;0.0109006248724322
398;SNV;AKAP12;0.3323;0.3189;38;433;0.00109491321003814;0.00572282956779404;0.0350729901210848;0.00987487763015529
1288;SNV;FSTL4;0.3207;0.3188;26;445;0.00185645123738107;0.00573755240558567;0.0350729901210848;0.0110767654692386
623;SNV;MIA3;0.3155;0.3186;33;438;0.00234249910517112;0.00576710269723292;0.0350729901210848;0.0120717767270697
926;SNV;CCDC73;0.3234;0.3185;29;442;0.00164360701613565;0.00578193030022113;0.0350729901210848;0.0109006248724322
548;SNV;CCDC108;0.3184;0.3184;34;437;0.00205823680719285;0.00579679297430618;0.0350729901210848;0.011493425161661
733;SNV;EHMT1;0.3304;0.3184;31;440;0.00119483210698166;0.00579679297430618;0.0350729901210848;0.0101944068301957
125;SNV;XKR4;0.3191;0.3183;52;419;0.00199471297585752;0.00581169079440274;0.0350729901210848;0.0113508666959511
37;SNV;KIAA1109;0.3195;0.3181;73;398;0.00195925617349813;0.0058415921729881;0.0350729901210848;0.0112797895062345
908;SNV;WWC3;0.3239;0.3181;30;441;0.00160683564801328;0.0058415921729881;0.0350729901210848;0.0109006248724322
1979;SNV;FER;0.3161;0.3181;22;449;0.00228078557898458;0.0058415921729881;0.0350729901210848;0.0119541173986253
511;SNV;DAAM2;0.3275;0.3179;35;436;0.00136433357560186;0.0058716350380932;0.0350729901210848;0.0106560694303544
698;SNV;PCDH19;0.3208;0.3179;32;439;0.00184812013645328;0.0058716350380932;0.0350729901210848;0.0110767654692386
978;SNV;PLXNB1;0.3301;0.3179;29;442;0.00121138558149605;0.0058716350380932;0.0350729901210848;0.0101944068301957
319;SNV;IGSF9B;0.3147;0.3178;41;430;0.00242725522281888;0.00588670971686588;0.0350729901210848;0.0121681059073388
494;SNV;TRIOBP;0.3351;0.3177;36;435;0.000962122341375249;0.00590181999408006;0.0350729901210848;0.00940738201482087
39;SNV;FLRT2;0.322;0.3176;71;400;0.00175088526279844;0.00591696594563305;0.0350729901210848;0.0109258897600216
182;SNV;VWF;0.3239;0.3176;48;423;0.00160683564801328;0.00591696594563305;0.0350729901210848;0.0109006248724322
283;SNV;THSD7B;0.3184;0.3176;43;428;0.00205823680719285;0.00591696594563305;0.0350729901210848;0.011493425161661
888;SNV;ROBO3;0.3266;0.3175;30;441;0.00142145259250063;0.00593214764756335;0.0350729901210848;0.0107289019886641
2208;SNV;ITGB2;0.325;0.3174;21;450;0.00152868208866;0.00594736517605086;0.0350729901210848;0.010809320094371
936;SNV;DICER1;0.3152;0.3171;29;442;0.00237394772457018;0.00599323348478208;0.0350729901210848;0.0120717767270697
1308;SNV;LHX9;0.322;0.3171;26;445;0.00175088526279844;0.00599323348478208;0.0350729901210848;0.0109258897600216
1785;SNV;FBXO10;0.3112;0.317;23;448;0.00283349973463442;0.00600859508413389;0.0350729901210848;0.0125874802337849
540;SNV;VRTN;0.3258;0.3169;35;436;0.00147413657370391;0.00602399289307148;0.0350729901210848;0.0107575549745301
874;SNV;PLCH1;0.3291;0.3168;30;441;0.00126816294756525;0.00603942698862781;0.0350729901210848;0.0103798268653457
517;SNV;GTF3C1;0.3239;0.3167;35;436;0.00160683564801328;0.00605489744797878;0.0350729901210848;0.0109006248724322
1237;SNV;ALS2;0.327;0.3165;26;445;0.0013957898526352;0.00608594776748405;0.0350729901210848;0.0107289019886641
915;SNV;ABHD13;0.3177;0.3164;29;442;0.00212368276405174;0.0061015277827067;0.0350729901210848;0.0116135067805398
95;SNV;KMT2C;0.3133;0.3163;55;416;0.00258263031658889;0.00611714447186103;0.0350729901210848;0.0123558390414901
785;SNV;SORBS2;0.3211;0.3163;31;440;0.00182334002305411;0.00611714447186103;0.0350729901210848;0.0110767654692386
678;SNV;KIF1B;0.318;0.3162;32;439;0.00209539567670428;0.00613279791284074;0.0350729901210848;0.0115925825632482
575;SNV;MYH11;0.3184;0.316;34;437;0.00205823680719285;0.00616421536257234;0.0350729901210848;0.011493425161661
2291;SNV;RBL2;0.3212;0.316;21;450;0.00181515057303634;0.00616421536257234;0.0350729901210848;0.0110767654692386
550;SNV;CDON;0.3163;0.3158;34;437;0.00226056008102655;0.00619578075793903;0.0350729901210848;0.0119003052723644
735;SNV;EML5;0.3177;0.3157;31;440;0.00212368276405174;0.00621161913150581;0.0350729901210848;0.0116135067805398
1107;SNV;SPZ1;0.3192;0.3157;28;443;0.00198579194174458;0.00621161913150581;0.0350729901210848;0.0113270709803569
390;SNV;TCHH;0.3248;0.3156;39;432;0.00154261653918879;0.00622749472729597;0.0350729901210848;0.0108292797168902
870;SNV;PCDHGA4;0.3138;0.3156;30;441;0.00252608576906916;0.00622749472729597;0.0350729901210848;0.0123463087690701
526;SNV;NLRP1;0.3204;0.3155;35;436;0.00188165974079953;0.00624340762421717;0.0350729901210848;0.0110767654692386
1702;SNV;TAOK2;0.3326;0.3155;24;447;0.00107988687209333;0.00624340762421717;0.0350729901210848;0.00987487763015529
572;SNV;MDGA2;0.3148;0.3152;34;437;0.00241650358492883;0.00629137091303042;0.0350729901210848;0.0121681059073388
240;SNV;COL22A1;0.3104;0.3151;44;427;0.0029350128248064;0.00630743380646969;0.0350729901210848;0.0127077548030567
1506;SNV;PRKCG;0.3123;0.315;25;446;0.00269934290742183;0.00632353439776824;0.0350729901210848;0.0124544971983362
119;SNV;TMEM132D;0.3036;0.3149;53;418;0.00394819750153092;0.00633967276671119;0.0350729901210848;0.0142942585195757
1250;SNV;C2orf71;0.3206;0.3148;26;445;0.00186481810886543;0.00635584899323076;0.0350729901210848;0.0110767654692386
1791;SNV;GBF1;0.3162;0.3148;23;448;0.00227065142430179;0.00635584899323076;0.0350729901210848;0.0119271580309479
2185;SNV;GHRL;0.335;0.3148;21;450;0.000966586798309454;0.00635584899323076;0.0350729901210848;0.00940738201482087
1160;SNV;KCTD1;0.3237;0.3147;27;444;0.00162144901339322;0.00637206315740632;0.0350729901210848;0.0109006248724322
1857;SNV;PNISR;0.3176;0.3147;23;448;0.00213319224964727;0.00637206315740632;0.0350729901210848;0.0116135067805398
2238;SNV;NEDD9;0.3247;0.3147;21;450;0.00154962914777257;0.00637206315740632;0.0350729901210848;0.0108292797168902
109;SNV;TENM3;0.3234;0.3146;54;417;0.00164360701613565;0.00638831533946473;0.0350729901210848;0.0109006248724322
984;SNV;RASA1;0.3205;0.3146;29;442;0.00187322089509714;0.00638831533946473;0.0350729901210848;0.0110767654692386
1199;SNV;PRSS23;0.3236;0.3146;27;444;0.00162880315802591;0.00638831533946473;0.0350729901210848;0.0109006248724322
2194;SNV;HEXIM1;0.3214;0.3144;21;450;0.00179887670456388;0.00642093407887597;0.0350729901210848;0.0110736432602935
1991;SNV;HIP1R;0.3242;0.3143;22;449;0.0015851509891941;0.00643730079742168;0.0350729901210848;0.0109006248724322
721;SNV;YLPM1;0.3231;0.3142;32;439;0.00166605367480647;0.00645370585623644;0.0350729901210848;0.0109132503152281
1083;SNV;NOS3;0.3263;0.3142;28;443;0.00144099478592518;0.00645370585623644;0.0350729901210848;0.0107289019886641
231;SNV;NOS1;0.3089;0.3141;45;426;0.00313470618337144;0.00647014933628759;0.0350729901210848;0.0130521738297173
434;SNV;MAST4;0.3233;0.3139;37;434;0.00165105698904622;0.00650315188471234;0.0350729901210848;0.0109006248724322
1105;SNV;SPECC1;0.3148;0.3139;28;443;0.00241650358492883;0.00650315188471234;0.0350729901210848;0.0121681059073388
1126;SNV;B3GNT5;0.3232;0.3139;27;444;0.00165853916495882;0.00650315188471234;0.0350729901210848;0.0109132503152281
1468;SNV;KNTC1;0.3115;0.3137;25;446;0.00279629756727495;0.00653630909341371;0.0350729901210848;0.012585972101294
816;SNV;ATXN7L3B;0.3154;0.3136;30;441;0.0023529377319501;0.0065529458993709;0.0350729901210848;0.0120717767270697
817;SNV;BCORL1;0.3225;0.3136;30;441;0.00171182714064356;0.0065529458993709;0.0350729901210848;0.0109132503152281
14;SNV;CSMD3;0.3188;0.3134;93;378;0.00202170554536521;0.00658633632381425;0.0350729901210848;0.0114771407444723
264;SNV;CHD6;0.3152;0.3134;43;428;0.00237394772457018;0.00658633632381425;0.0350729901210848;0.0120717767270697
503;SNV;CARD11;0.3145;0.3134;35;436;0.00244889495457321;0.00658633632381425;0.0350729901210848;0.0121681059073388
1440;SNV;FOXG1;0.3147;0.3134;25;446;0.00242725522281888;0.00658633632381425;0.0350729901210848;0.0121681059073388
640;SNV;TRIO;0.3244;0.3133;33;438;0.00157084999359211;0.00660309010647715;0.0350729901210848;0.0109006248724322
617;SNV;KIAA0556;0.3131;0.3132;33;438;0.00260558279368662;0.00661988304580271;0.0350729901210848;0.0123558390414901
789;SNV;TANC2;0.3085;0.3132;31;440;0.00319009179225426;0.00661988304580271;0.0350729901210848;0.0131002051262675
78;SNV;TRPS1;0.3209;0.3131;59;412;0.00183982466242212;0.00663671522425566;0.0350729901210848;0.0110767654692386
2088;SNV;TNPO3;0.3202;0.3131;22;449;0.00189864619218303;0.00663671522425566;0.0350729901210848;0.0111219715669545
330;SNV;UTRN;0.3198;0.313;41;430;0.0019330582359445;0.00665358672445173;0.0350729901210848;0.0112600531332356
413;SNV;SLITRK2;0.3173;0.313;38;433;0.00216196432894408;0.00665358672445173;0.0350729901210848;0.0116633974833015
618;SNV;KIAA1549;0.3251;0.313;33;438;0.00152176000054131;0.00665358672445173;0.0350729901210848;0.010809320094371
110;SNV;TNXB;0.3125;0.3129;54;417;0.00267560728318725;0.00667049762915775;0.0350729901210848;0.0123928321837549
1723;SNV;AHRR;0.3095;0.3129;23;448;0.00305333202500323;0.00667049762915775;0.0350729901210848;0.012983532858585
1964;SNV;CSPP1;0.3134;0.3129;22;449;0.00257122616552677;0.00667049762915775;0.0350729901210848;0.0123558390414901
385;SNV;PLXND1;0.3176;0.3126;39;432;0.00213319224964727;0.00672146760027643;0.0350729901210848;0.0116135067805398
1116;SNV;ABCB11;0.3078;0.3126;27;444;0.00328925203764407;0.00672146760027643;0.0350729901210848;0.013195165671482
426;SNV;FER1L6;0.3108;0.3125;37;434;0.00288383295487957;0.00673853695372209;0.0350729901210848;0.0126465335085544
1198;SNV;PPP1R9A;0.316;0.3125;27;444;0.00229096271499339;0.00673853695372209;0.0350729901210848;0.0119550237747472
118;SNV;TENM4;0.3154;0.3121;53;418;0.0023529377319501;0.00680721341124935;0.0350729901210848;0.0120717767270697
534;SNV;SCAF4;0.3214;0.3121;35;436;0.00179887670456388;0.00680721341124935;0.0350729901210848;0.0110736432602935
997;SNV;TEP1;0.3204;0.3121;29;442;0.00188165974079953;0.00680721341124935;0.0350729901210848;0.0110767654692386
1336;SNV;PDS5B;0.3265;0.3121;26;445;0.00142793835614333;0.00680721341124935;0.0350729901210848;0.0107289019886641
950;SNV;HTR1F;0.3218;0.3119;29;442;0.00176674516318631;0.00684179224150494;0.0350729901210848;0.0109961482812898
1299;SNV;ITGB4;0.3253;0.3119;26;445;0.00150800548662194;0.00684179224150494;0.0350729901210848;0.010790817703672
1430;SNV;EIF4G1;0.3237;0.3119;25;446;0.00162144901339322;0.00684179224150494;0.0350729901210848;0.0109006248724322
1605;SNV;DHX16;0.3229;0.3119;24;447;0.00168118022248756;0.00684179224150494;0.0350729901210848;0.0109132503152281
326;SNV;PTPRC;0.3079;0.3117;41;430;0.00327490985407208;0.00687653237185807;0.0350729901210848;0.0131768258438254
1147;SNV;FAM73A;0.3152;0.3117;27;444;0.00237394772457018;0.00687653237185807;0.0350729901210848;0.0120717767270697
1081;SNV;NEUROD4;0.3145;0.3115;28;443;0.00244889495457321;0.00691143447971078;0.0350729901210848;0.0121681059073388
1298;SNV;IKBKAP;0.3142;0.3114;26;445;0.00248169839180628;0.00692894648756238;0.0350729901210848;0.0121791769125606
25;SNV;FAT3;0.3117;0.3113;83;388;0.00277175392482525;0.0069464992449335;0.0350729901210848;0.0125779966688989
484;SNV;MBD6;0.3224;0.3113;36;435;0.00171957169547296;0.0069464992449335;0.0350729901210848;0.0109132503152281
406;SNV;KIF21A;0.3183;0.3112;38;433;0.00206746729449922;0.00696409283719485;0.0350729901210848;0.0115180578877696
20;SNV;DNAH11;0.3194;0.3111;87;384;0.00196806369209196;0.00698172734987226;0.0350729901210848;0.0112797895062345
1849;SNV;PCNXL3;0.3193;0.311;23;448;0.00197690889775763;0.00699940286864695;0.0350729901210848;0.0113033786259348
126;SNV;COL5A1;0.317;0.3109;51;420;0.00219110525245474;0.00701711947935577;0.0350729901210848;0.0117153054885164
499;SNV;ADAMTSL1;0.307;0.3109;35;436;0.00340614779446106;0.00701711947935577;0.0350729901210848;0.0132800868332169
1963;SNV;CSPG4;0.3114;0.3109;22;449;0.0028086465283132;0.00701711947935577;0.0350729901210848;0.0125874802337849
335;SNV;DOCK3;0.3113;0.3105;40;431;0.00282104718355569;0.00708839856372869;0.0350729901210848;0.0125874802337849
812;SNV;ARAP1;0.3145;0.3105;30;441;0.00244889495457321;0.00708839856372869;0.0350729901210848;0.0121681059073388
523;SNV;MYH13;0.3143;0.3104;35;436;0.00247071782640257;0.00710632192712335;0.0350729901210848;0.0121752899074271
253;SNV;MYO18B;0.3153;0.3103;44;427;0.00236342054678796;0.00712428690075382;0.0350729901210848;0.0120717767270697
1063;SNV;KCNC1;0.3114;0.3103;28;443;0.0028086465283132;0.00712428690075382;0.0350729901210848;0.0125874802337849
1448;SNV;HSPA2;0.3176;0.3103;25;446;0.00213319224964727;0.00712428690075382;0.0350729901210848;0.0116135067805398
771;SNV;OTUD4;0.3197;0.3102;31;440;0.00194175359529371;0.00714229357155258;0.0350729901210848;0.0112600531332356
1117;SNV;ABCC1;0.3131;0.3102;27;444;0.00260558279368662;0.00714229357155258;0.0350729901210848;0.0123558390414901
180;SNV;TEX15;0.3204;0.3101;48;423;0.00188165974079953;0.0071603420266095;0.0350729901210848;0.0110767654692386
1819;SNV;MYOM3;0.3154;0.31;23;448;0.0023529377319501;0.00717843235317213;0.0350729901210848;0.0120717767270697
36;SNV;DMD;0.3027;0.3099;73;398;0.00410476131652926;0.00719656463864587;0.0350729901210848;0.0144482762098747
417;SNV;VPS13D;0.3225;0.3099;38;433;0.00171182714064356;0.00719656463864587;0.0350729901210848;0.0109132503152281
598;SNV;BRWD1;0.3247;0.3099;33;438;0.00154962914777257;0.00719656463864587;0.0350729901210848;0.0108292797168902
1746;SNV;C11orf30;0.3215;0.3099;23;448;0.00179079200456751;0.00719656463864587;0.0350729901210848;0.0110736432602935
1958;SNV;CILP;0.3113;0.3099;22;449;0.00282104718355569;0.00719656463864587;0.0350729901210848;0.0125874802337849
1569;SNV;ALPK1;0.3194;0.3098;24;447;0.00196806369209196;0.00721473897059421;0.0350729901210848;0.0112797895062345
300;SNV;MED12L;0.3127;0.3096;42;429;0.00265206974992647;0.00725121412496059;0.0350729901210848;0.0123621652544634
1242;SNV;ASCC3;0.3066;0.3095;26;445;0.00346605865729492;0.00726951512329814;0.0350729901210848;0.0134043368785354
437;SNV;NF1;0.318;0.3093;37;434;0.00209539567670428;0.00730624440327282;0.0350729901210848;0.0115925825632482
767;SNV;NOTCH3;0.308;0.3092;31;440;0.003260626858978;0.0073246728617842;0.0350729901210848;0.0131768258438254
805;SNV;ZZEF1;0.3196;0.3092;31;440;0.00195048619128013;0.0073246728617842;0.0350729901210848;0.0112600531332356
1141;SNV;COLCA2;0.3133;0.3092;27;444;0.00258263031658889;0.0073246728617842;0.0350729901210848;0.0123558390414901
1203;SNV;REST;0.3119;0.3092;27;444;0.00274741465728924;0.0073246728617842;0.0350729901210848;0.0125779966688989
1802;SNV;KDM5A;0.3073;0.3092;23;448;0.00336185878358879;0.0073246728617842;0.0350729901210848;0.0132800868332169
94;SNV;HECTD4;0.3203;0.309;55;416;0.00189013479123029;0.00736165785923775;0.0350729901210848;0.0110993173244235
516;SNV;FLNB;0.3233;0.3089;35;436;0.00165105698904622;0.00738021457601293;0.0350729901210848;0.0109006248724322
570;SNV;KIAA1024;0.3134;0.3089;34;437;0.00257122616552677;0.00738021457601293;0.0350729901210848;0.0123558390414901
765;SNV;NID2;0.3068;0.3088;31;440;0.00343597974930779;0.00739881422364282;0.0350729901210848;0.0133311551961779
1149;SNV;FMNL3;0.318;0.3088;27;444;0.00209539567670428;0.00739881422364282;0.0350729901210848;0.0115925825632482
2380;SNV;ZNF142;0.3157;0.3087;21;450;0.00232175371938408;0.00741745689144494;0.0350729901210848;0.0120630247594086
740;SNV;GPR179;0.3144;0.3086;31;440;0.00245978340774805;0.00743614266889763;0.0350729901210848;0.0121715990569728
1462;SNV;KIF16B;0.313;0.3086;25;446;0.00261713149743707;0.00743614266889763;0.0350729901210848;0.0123615499582502
2121;SNV;ADRA2A;0.3128;0.3086;21;450;0.0026403747846761;0.00743614266889763;0.0350729901210848;0.0123621652544634
1262;SNV;CLEC16A;0.3111;0.3085;26;445;0.00284600438389232;0.00745487164564027;0.0350729901210848;0.0126050951829911
196;SNV;PAPPA2;0.307;0.3084;47;424;0.00340614779446106;0.00747364391147356;0.0350729901210848;0.0132800868332169
1403;SNV;CABIN1;0.3127;0.3082;25;446;0.00265206974992647;0.00751131867042245;0.0350729901210848;0.0123621652544634
1502;SNV;PLXNA3;0.3083;0.3082;25;446;0.00321813073825135;0.00751131867042245;0.0350729901210848;0.0131027810296775
2307;SNV;SALL2;0.3172;0.3082;21;450;0.00217163676990342;0.00751131867042245;0.0350729901210848;0.0116633974833015
756;SNV;LRP6;0.3107;0.308;31;440;0.00289654803457723;0.00754916766738396;0.0350729901210848;0.0126790289425633
2017;SNV;MVK;0.3177;0.3079;22;449;0.00212368276405174;0.0075681577313412;0.0350729901210848;0.0116135067805398
1347;SNV;ROR2;0.3131;0.3078;26;445;0.00260558279368662;0.00758719162659276;0.0350729901210848;0.0123558390414901
1042;SNV;CNGB1;0.3093;0.3077;28;443;0.00308023184147607;0.00760626944407468;0.0350729901210848;0.012983532858585
531;SNV;PTPN13;0.3086;0.3075;35;436;0.00317615918789113;0.00764455721028942;0.0350729901210848;0.0130654396885711
788;SNV;SYNPO;0.3221;0.3075;31;440;0.00174300629696532;0.00764455721028942;0.0350729901210848;0.0109258897600216
457;SNV;ADAMTS18;0.3013;0.3073;36;435;0.00435999275990253;0.00768302176074008;0.0350729901210848;0.0149718142186308
1399;SNV;BLM;0.3042;0.3073;25;446;0.00384697127904351;0.00768302176074008;0.0350729901210848;0.0141016278480276
360;SNV;ACACA;0.3168;0.3072;39;432;0.00221073963136886;0.00770232055913115;0.0350729901210848;0.0117939011584187
411;SNV;PCNT;0.3163;0.3072;38;433;0.00226056008102655;0.00770232055913115;0.0350729901210848;0.0119003052723644
2018;SNV;MYO1B;0.3075;0.3071;22;449;0.00333263600125253;0.00772166382880216;0.0350729901210848;0.01320895529518
2310;SNV;SBNO2;0.3041;0.3068;21;450;0.00386367040272705;0.00777996138714511;0.0350729901210848;0.0141195294533909
454;SNV;ZNF518A;0.316;0.3067;37;434;0.00229096271499339;0.00779948346441079;0.0350729901210848;0.0119550237747472
519;SNV;LMO7;0.3132;0.3067;35;436;0.00259408246313495;0.00779948346441079;0.0350729901210848;0.0123558390414901
1703;SNV;TAS1R2;0.3098;0.3067;24;447;0.00301339913173061;0.00779948346441079;0.0350729901210848;0.0129068529118927
2256;SNV;OTOG;0.3004;0.3067;21;450;0.00453189046393949;0.00779948346441079;0.0350729901210848;0.0151924536782784
665;SNV;CTTNBP2;0.3136;0.3066;32;439;0.00254856109911235;0.00781905047501923;0.0350729901210848;0.0123558390414901
682;SNV;MGAT3;0.3137;0.3065;32;439;0.00253729981005544;0.00783866251187902;0.0350729901210848;0.0123558390414901
1038;SNV;CFAP43;0.3095;0.3065;28;443;0.00305333202500323;0.00783866251187902;0.0350729901210848;0.012983532858585
1226;SNV;YTHDC2;0.311;0.3065;27;444;0.00285856133438543;0.00783866251187902;0.0350729901210848;0.0126050951829911
2215;SNV;KIF5B;0.3127;0.3065;21;450;0.00265206974992647;0.00783866251187902;0.0350729901210848;0.0123621652544634
1240;SNV;AP2A2;0.3117;0.3064;26;445;0.00277175392482525;0.00785831966806462;0.0350729901210848;0.0125779966688989
1492;SNV;OCA2;0.3127;0.3064;25;446;0.00265206974992647;0.00785831966806462;0.0350729901210848;0.0123621652544634
883;SNV;PTPRB;0.3141;0.3063;30;441;0.00249272528587794;0.00787802203681667;0.0350729901210848;0.0122082242484596
2164;SNV;DNMBP;0.3143;0.3063;21;450;0.00247071782640257;0.00787802203681667;0.0350729901210848;0.0121752899074271
88;SNV;DOCK2;0.3109;0.3062;56;415;0.00287117078988498;0.00789776971154205;0.0350729901210848;0.0126373815613722
456;SNV;ABCA3;0.3167;0.3061;36;435;0.00222061944502095;0.00791756278581433;0.0350729901210848;0.0117939566080001
1370;SNV;UPF2;0.3167;0.3061;26;445;0.00222061944502095;0.00791756278581433;0.0350729901210848;0.0117939566080001
2159;SNV;DISC1;0.3134;0.3061;21;450;0.00257122616552677;0.00791756278581433;0.0350729901210848;0.0123558390414901
211;SNV;PKHD1;0.3075;0.306;46;425;0.00333263600125253;0.00793740135337379;0.0350729901210848;0.01320895529518
834;SNV;CROCC;0.3116;0.306;30;441;0.00278400009951779;0.00793740135337379;0.0350729901210848;0.0125779966688989
1460;SNV;KIAA1211;0.2983;0.3059;25;446;0.00495812797661401;0.00795728550812783;0.0350729901210848;0.0156537990278831
1922;SNV;ACTN1;0.3068;0.3059;22;449;0.00343597974930779;0.00795728550812783;0.0350729901210848;0.0133311551961779
461;SNV;ATP2B2;0.3134;0.3058;36;435;0.00257122616552677;0.00797721534415106;0.0350729901210848;0.0123558390414901
846;SNV;FER1L5;0.3098;0.3058;30;441;0.00301339913173061;0.00797721534415106;0.0350729901210848;0.0129068529118927
609;SNV;FAM179A;0.3172;0.3057;33;438;0.00217163676990342;0.00799719095568568;0.0350729901210848;0.0116633974833015
808;SNV;ACVR1B;0.3094;0.3057;30;441;0.00306675400105521;0.00799719095568568;0.0350729901210848;0.012983532858585
189;SNV;CHD4;0.3117;0.3056;47;424;0.00277175392482525;0.00801721243714158;0.0350729901210848;0.0125779966688989
608;SNV;ERBB3;0.311;0.3056;33;438;0.00285856133438543;0.00801721243714158;0.0350729901210848;0.0126050951829911
754;SNV;LILRB1;0.3099;0.3055;31;440;0.00300019846556477;0.00803727988309666;0.0350729901210848;0.0128965365696039
2162;SNV;DLGAP4;0.3013;0.3053;21;450;0.00435999275990253;0.00807755304765702;0.0350729901210848;0.0149718142186308
818;SNV;BTBD11;0.3064;0.3052;30;441;0.00349638641449152;0.00809775895626003;0.0350729901210848;0.0134563019816984
1433;SNV;EVPL;0.3052;0.3052;25;446;0.00368368662448622;0.00809775895626003;0.0350729901210848;0.0137777950430705
1434;SNV;FAM135A;0.3112;0.3052;25;446;0.00283349973463442;0.00809775895626003;0.0350729901210848;0.0125874802337849
87;SNV;TENM1;0.317;0.3051;57;414;0.00219110525245474;0.00811801120935818;0.0350729901210848;0.0117153054885164
949;SNV;HDLBP;0.3213;0.3051;29;442;0.00180699618054999;0.00811801120935818;0.0350729901210848;0.0110736432602935
1690;SNV;SKIDA1;0.3173;0.3051;24;447;0.00216196432894408;0.00811801120935818;0.0350729901210848;0.0116633974833015
2220;SNV;LIMK2;0.3134;0.3051;21;450;0.00257122616552677;0.00811801120935818;0.0350729901210848;0.0123558390414901
1245;SNV;AUTS2;0.3106;0.3049;26;445;0.00290931623490763;0.00815865513089413;0.0350729901210848;0.012688441243484
1765;SNV;CSF3R;0.311;0.3049;23;448;0.00285856133438543;0.00815865513089413;0.0350729901210848;0.0126050951829911
850;SNV;HECW2;0.3058;0.3048;30;441;0.00358888193820622;0.00817904699068286;0.0350729901210848;0.0136742937009013
1797;SNV;IQGAP2;0.3072;0.3048;23;448;0.00337656090965994;0.00817904699068286;0.0350729901210848;0.0132800868332169
606;SNV;DNAJC13;0.3126;0.3047;33;438;0.0026638138519032;0.00819948557766893;0.0350729901210848;0.0123621652544634
971;SNV;PCDHA4;0.3047;0.3047;29;442;0.00376449292269938;0.00819948557766893;0.0350729901210848;0.0139059321255819
1350;SNV;SCN8A;0.3055;0.3046;26;445;0.00363599232782387;0.00821997098795253;0.0350729901210848;0.0137283122646114
1340;SNV;PPP6R2;0.3187;0.3045;26;445;0.00203078006919612;0.00824050331780416;0.0350729901210848;0.011493425161661
801;SNV;ZFP36L2;0.2998;0.3043;31;440;0.0046500138494477;0.00828170912214651;0.0350729901210848;0.0152868405779643
193;SNV;DCHS1;0.3103;0.3042;47;424;0.00294794162986156;0.00830238279003193;0.0350729901210848;0.0127406518903601
1687;SNV;SHROOM3;0.3179;0.3041;24;447;0.00210478463763768;0.00832310376427525;0.0350729901210848;0.0116135067805398
368;SNV;DOCK8;0.313;0.304;39;432;0.00261713149743707;0.00834387214200209;0.0350729901210848;0.0123615499582502
533;SNV;RANBP2;0.3222;0.304;35;436;0.00173516113798605;0.00834387214200209;0.0350729901210848;0.0109132503152281
1816;SNV;MSH2;0.3081;0.304;23;448;0.00324640282533919;0.00834387214200209;0.0350729901210848;0.0131730097666565
48;SNV;COL6A3;0.3086;0.3039;67;404;0.00317615918789113;0.00836468802050977;0.0350729901210848;0.0130654396885711
715;SNV;SYCP2;0.3077;0.3039;32;439;0.00330365363750229;0.00836468802050977;0.0350729901210848;0.013195165671482
942;SNV;FBXO34;0.3205;0.3039;29;442;0.00187322089509714;0.00836468802050977;0.0350729901210848;0.0110767654692386
1863;SNV;QRICH2;0.3014;0.3039;23;448;0.00434127694166013;0.00836468802050977;0.0350729901210848;0.0149718142186308
2059;SNV;SEL1L3;0.3083;0.3039;22;449;0.00321813073825135;0.00836468802050977;0.0350729901210848;0.0131027810296775
254;SNV;PTEN;0.3145;0.3038;44;427;0.00244889495457321;0.00838555149726762;0.035089786952423;0.0121681059073388
187;SNV;CDH23;0.3087;0.3037;47;424;0.00316228419921927;0.00840646266991715;0.035089786952423;0.0130654396885711
542;SNV;ADAMTS2;0.3083;0.3036;34;437;0.00321813073825135;0.0084274216362723;0.035089786952423;0.0131027810296775
592;SNV;ZNF407;0.3155;0.3036;34;437;0.00234249910517112;0.0084274216362723;0.035089786952423;0.0120717767270697
124;SNV;SLITRK5;0.309;0.3035;52;419;0.00312100271532335;0.00844842849431967;0.0351160766981287;0.0130177949208077
615;SNV;ITSN1;0.3116;0.3031;33;438;0.00278400009951779;0.00853293680922062;0.0354057621077036;0.0125779966688989
1131;SNV;C9orf47;0.3077;0.3028;27;444;0.00330365363750229;0.00859682573528035;0.0355474282133565;0.013195165671482
1395;SNV;ATP1A4;0.3057;0.3028;25;446;0.00360452093371039;0.00859682573528035;0.0355474282133565;0.0136742937009013
1068;SNV;KLHDC7A;0.3142;0.3027;28;443;0.00248169839180628;0.00861821927518274;0.0355743420858147;0.0121791769125606
170;SNV;FN1;0.3043;0.3025;48;423;0.00383034031548073;0.00866115279885735;0.0356899227401191;0.0141016278480276
1328;SNV;OR7D2;0.3082;0.3023;26;445;0.00323223752691635;0.00870428224674433;0.0357380925199891;0.0131378362063437
924;SNV;C9orf84;0.305;0.3022;29;442;0.00371581052159991;0.00872592069257037;0.0357380925199891;0.0138114885639561
1912;SNV;ZC3H6;0.305;0.3022;23;448;0.00371581052159991;0.00872592069257037;0.0357380925199891;0.0138114885639561
415;SNV;STAB1;0.3106;0.3021;38;433;0.00290931623490763;0.0087476084201647;0.0357380925199891;0.012688441243484
476;SNV;FASN;0.3105;0.3021;36;435;0.00292213776252424;0.0087476084201647;0.0357380925199891;0.0127077548030567
638;SNV;SOCS4;0.3077;0.302;33;438;0.00330365363750229;0.00876934553013249;0.0357657607798919;0.013195165671482
104;SNV;PCDH10;0.306;0.3018;54;417;0.00355779612610722;0.00881296830049178;0.0357886465246016;0.013605012386234
900;SNV;SYNPO2;0.31;0.3018;30;441;0.002987052593706;0.00881296830049178;0.0357886465246016;0.0128631634215448
699;SNV;PCDH20;0.3031;0.3017;32;439;0.00403446775376885;0.00883485416297696;0.0357886465246016;0.0143274560646472
1007;SNV;ZEB1;0.3031;0.3017;29;442;0.00403446775376885;0.00883485416297696;0.0357886465246016;0.0143274560646472
930;SNV;CDK5RAP2;0.3108;0.3013;29;442;0.00288383295487957;0.00892289649431902;0.035939664782406;0.0126465335085544
1643;SNV;LTBP1;0.3035;0.3013;24;447;0.00396531104538859;0.00892289649431902;0.035939664782406;0.0142942585195757
285;SNV;USP34;0.3093;0.3012;43;428;0.00308023184147607;0.00894503230628814;0.035939664782406;0.012983532858585
1550;SNV;ULK2;0.3076;0.3011;25;446;0.00331811488224296;0.00896721841404744;0.035939664782406;0.013195165671482
80;SNV;AHNAK2;0.3079;0.3009;58;413;0.00327490985407208;0.00901174192663801;0.035939664782406;0.0131768258438254
749;SNV;KIDINS220;0.3126;0.3009;31;440;0.0026638138519032;0.00901174192663801;0.035939664782406;0.0123621652544634
1254;SNV;CADPS2;0.303;0.3008;26;445;0.00405193389424182;0.00903407953676756;0.035939664782406;0.0143468474181303
1578;SNV;BRD1;0.3097;0.3008;24;447;0.00302665480472494;0.00903407953676756;0.035939664782406;0.0129404382527596
1805;SNV;LARGE;0.3052;0.3008;23;448;0.00368368662448622;0.00903407953676756;0.035939664782406;0.0137777950430705
1859;SNV;PPARGC1A;0.3003;0.3007;23;448;0.00455137942830433;0.00905646785328419;0.035939664782406;0.0151924536782784
295;SNV;GON4L;0.305;0.3006;42;429;0.00371581052159991;0.00907890697928549;0.035939664782406;0.0138114885639561
1033;SNV;CAND1;0.3033;0.3006;28;443;0.00399974836227448;0.00907890697928549;0.035939664782406;0.0143104769249042
378;SNV;MYH14;0.3126;0.3004;39;432;0.0026638138519032;0.00912393807303205;0.035939664782406;0.0123621652544634
1209;SNV;SMTN;0.3157;0.3003;27;444;0.00232175371938408;0.00914653024787262;0.035939664782406;0.0120630247594086
2010;SNV;LUZP1;0.3031;0.3003;22;449;0.00403446775376885;0.00914653024787262;0.035939664782406;0.0143274560646472
24;SNV;USH2A;0.298;0.3002;84;387;0.00502201206738987;0.00916917364638906;0.035939664782406;0.0157721535362179
677;SNV;KIF13B;0.3104;0.3002;32;439;0.0029350128248064;0.00916917364638906;0.035939664782406;0.0127077548030567
982;SNV;RAD51AP2;0.3135;0.3001;29;442;0.00255986982209624;0.00919186837258053;0.035939664782406;0.0123558390414901
1571;SNV;ARHGAP28;0.3151;0.3001;24;447;0.00238451944081184;0.00919186837258053;0.035939664782406;0.0120741556430939
472;SNV;DOPEY1;0.3126;0.3;36;435;0.0026638138519032;0.00921461453062723;0.035939664782406;0.0123621652544634
2225;SNV;MATR3;0.3087;0.3;21;450;0.00316228419921927;0.00921461453062723;0.035939664782406;0.0130654396885711
1586;SNV;CCDC178;0.3004;0.2998;24;447;0.00453189046393949;0.0092602615599139;0.035939664782406;0.0151924536782784
2207;SNV;ITGAM;0.3091;0.2998;21;450;0.00310735598121783;0.0092602615599139;0.035939664782406;0.012983532858585
152;SNV;COL6A6;0.2995;0.2997;49;422;0.00471015687057161;0.00928316264042161;0.035939664782406;0.0153399952472278
303;SNV;RUNX1T1;0.2958;0.2997;42;429;0.00551469026685791;0.00928316264042161;0.035939664782406;0.0165371514903267
1772;SNV;DNMT1;0.2806;0.2995;23;448;0.0103718726135528;0.00932912045769997;0.035939664782406;0.0228047613122273
635;SNV;REV3L;0.3091;0.2994;33;438;0.00310735598121783;0.00935217740483114;0.035939664782406;0.012983532858585
1189;SNV;PCNX;0.3005;0.2994;27;444;0.00451248011908142;0.00935217740483114;0.035939664782406;0.0151924536782784
1478;SNV;MYOCD;0.3053;0.2994;25;446;0.00366772323477711;0.00935217740483114;0.035939664782406;0.0137777950430705
1748;SNV;CAMSAP2;0.3116;0.2994;23;448;0.00278400009951779;0.00935217740483114;0.035939664782406;0.0125779966688989
746;SNV;KIAA0430;0.3119;0.2993;31;440;0.00274741465728924;0.00937528651816835;0.035939664782406;0.0125779966688989
2106;SNV;ZNF286B;0.3104;0.2993;22;449;0.0029350128248064;0.00937528651816835;0.035939664782406;0.0127077548030567
46;SNV;ANK2;0.2928;0.2992;67;404;0.00625995214030241;0.00939844790334885;0.035939664782406;0.0174577428416835
822;SNV;CACNA1S;0.3079;0.2992;30;441;0.00327490985407208;0.00939844790334885;0.035939664782406;0.0131768258438254
2230;SNV;MGAT4C;0.3019;0.2992;21;450;0.00424882826317854;0.00939844790334885;0.035939664782406;0.0147812220509414
237;SNV;BRCA2;0.3053;0.2991;44;427;0.00366772323477711;0.00942166166619306;0.0359649357685569;0.0137777950430705
314;SNV;DLC1;0.3087;0.299;41;430;0.00316228419921927;0.0094449279127048;0.0359649357685569;0.0130654396885711
1179;SNV;MYO9B;0.3072;0.2988;27;444;0.00337656090965994;0.00949161828166532;0.0359649357685569;0.0132800868332169
2154;SNV;CPEB4;0.3165;0.2988;21;450;0.00224050515208431;0.00949161828166532;0.0359649357685569;0.0118469188351361
199;SNV;SPEG;0.307;0.2987;47;424;0.00340614779446106;0.00951504261704132;0.0359649357685569;0.0132800868332169
957;SNV;KIAA0195;0.3048;0.2986;29;442;0.00374819891252551;0.00953851986193984;0.0359649357685569;0.0139059321255819
1177;SNV;MYEF2;0.3094;0.2986;27;444;0.00306675400105521;0.00953851986193984;0.0359649357685569;0.012983532858585
1115;SNV;ZNF623;0.2992;0.2985;28;443;0.00477103156349106;0.00956205012328569;0.0359649357685569;0.0153676084053149
1251;SNV;C5orf24;0.3173;0.2985;26;445;0.00216196432894408;0.00956205012328569;0.0359649357685569;0.0116633974833015
1415;SNV;CTBP1;0.3088;0.2985;25;446;0.00314846660465228;0.00956205012328569;0.0359649357685569;0.0130654396885711
75;SNV;DNAH8;0.3015;0.2984;59;412;0.00432263686066442;0.00958563350818859;0.0359649357685569;0.0149718142186308
707;SNV;PRRC2C;0.3028;0.2984;32;439;0.0040870804059968;0.00958563350818859;0.0359649357685569;0.0144285408719828
777;SNV;PKD1;0.3086;0.2982;31;440;0.00317615918789113;0.00963296007803056;0.0360293811995196;0.0130654396885711
990;SNV;SMCHD1;0.3132;0.2982;29;442;0.00259408246313495;0.00963296007803056;0.0360293811995196;0.0123558390414901
2009;SNV;LRP5;0.3091;0.2979;22;449;0.00310735598121783;0.00970435104787433;0.0361792707408008;0.012983532858585
343;SNV;NPR3;0.2966;0.2977;40;431;0.00533050427440306;0.00975221369826864;0.0361792707408008;0.0163122986118096
673;SNV;IFI16;0.3071;0.2977;32;439;0.00339132383549344;0.00975221369826864;0.0361792707408008;0.0132800868332169
1227;SNV;ZGRF1;0.3118;0.2976;27;444;0.00275955884368551;0.0097762259498485;0.0361792707408008;0.0125779966688989
1854;SNV;PITPNM3;0.3061;0.2976;23;448;0.00354234882233552;0.0097762259498485;0.0361792707408008;0.01356765013683
1542;SNV;TNS3;0.3011;0.2975;25;446;0.00439765274485015;0.00980029229733442;0.0361792707408008;0.0150363234051386
1659;SNV;PABPC4L;0.3119;0.2975;24;447;0.00274741465728924;0.00980029229733442;0.0361792707408008;0.0125779966688989
2034;SNV;PAM;0.2992;0.2975;22;449;0.00477103156349106;0.00980029229733442;0.0361792707408008;0.0153676084053149
76;SNV;FAT2;0.3035;0.2974;59;412;0.00396531104538859;0.00982441284969863;0.0361792707408008;0.0142942585195757
510;SNV;CR1;0.297;0.2974;35;436;0.00524059343718133;0.00982441284969863;0.0361792707408008;0.0161197146909439
47;SNV;ATM;0.3056;0.2972;67;404;0.00362022431502451;0.0098728170058895;0.0362792499698672;0.0136904052419439
350;SNV;PTPRQ;0.2907;0.2971;40;431;0.00683669722663626;0.00989710082859977;0.0362792499698672;0.0179521017722804
599;SNV;CDH2;0.2985;0.2971;33;438;0.00491596406019282;0.00989710082859977;0.0362792499698672;0.015603126299948
1630;SNV;INTS3;0.2906;0.297;24;447;0.00686536444345787;0.00992143929395597;0.036290900310491;0.0179521017722804
1228;SNV;ZNF271P;0.3091;0.2969;27;444;0.00310735598121783;0.00994583251187096;0.036290900310491;0.012983532858585
1272;SNV;DSPP;0.3039;0.2969;26;445;0.00389727416537694;0.00994583251187096;0.036290900310491;0.0141989104500776
1025;SNV;ARFGEF2;0.3033;0.2968;28;443;0.00399974836227448;0.00997028059244625;0.0363246503291868;0.0143104769249042
1987;SNV;HDAC5;0.3101;0.2967;22;449;0.00297396130437402;0.00999478364597249;0.0363584975858055;0.0128299052661623
